cluster,angle,major,minor,pixel,size,diameter,center_x,center_y,color_variance
2,0,0,0,1828,5197.49836432,81.34900399604503,718.2344916849015,50.411660940919035,70.17939875220854
3,0,0,0,2008,5709.28704352,85.26013157422271,949.2239528884462,75.04681663346614,29.77508591133473
6,0,0,0,21773,61906.52729012,280.75227269428706,1048.432352519175,432.5985480549304,2354.9647469126444
7,0,0,0,10126,28790.956475439998,191.46222686284392,1307.6967243729014,87.50605338731977,3539.883674597953
8,0,0,0,8335,23698.6591174,173.70685060029206,1474.5053281103778,88.06637211757648,5273.701736571702
9,0,0,0,1396,3969.20553424,71.08972814251034,1584.268243696275,85.78602893982807,15.071486995180663
10,0,0,0,10128,28796.64301632,191.48113391141248,1701.0896055094786,87.88085481832543,755.8700864323702
12,0,0,0,22544,64098.688799359996,285.6798651375662,2036.497728158268,193.92923072214336,1198.620571155922
13,0,0,0,18692,53146.41106448,260.130952076154,2286.999591183394,221.77093283757756,2042.472603161713
14,0,0,0,4362,12402.34565928,125.66287017599824,2363.1706434204493,118.55161160018339,1465.7939864962734
15,0,0,0,7293,20735.97131892,162.4864876897248,2454.887552392705,109.26034973262031,2554.070926086896
16,0,0,0,5604,15933.68754576,142.433848072415,2538.460663633119,74.8622851891506,1160.2773623956277
17,0,0,0,13225,37602.251569,218.80738942899214,910.6526782759925,206.4681455727788,1587.0102982765213
18,0,0,0,6826,19408.16402344,157.19809771543075,1796.7957978025195,104.54044758277175,430.75312944019134
20,0,0,0,10038,28540.74867672,190.62846023494936,328.57013006575016,189.7950973500697,2159.075100561282
21,0,0,0,3402,9672.80603688,110.97657029620542,226.78745655496763,89.48210376249264,595.4377816970409
22,0,0,0,4550,12936.880502,128.3423072905411,1075.2204390329669,119.35145956043955,592.9749835044076
23,0,0,0,1570,4463.9345908,75.39003943570886,657.5728914649682,66.97650840764331,109.97409428374377
24,0,0,0,2263,6434.321005719999,90.51205415856401,357.1584703490941,97.72806875828546,260.21989159115816
25,0,0,0,3148,8950.61534512,106.75334845858536,1470.7092106734435,122.24896435832275,199.8029369406606
26,0,0,0,3711,10551.37660284,115.90698832309143,208.62124413904607,121.60905297763405,29.86756771456109
27,0,0,0,2181,6201.17282964,88.85706764481311,2137.891308207244,107.81551976157725,228.61376260022317
28,0,0,0,2482,7056.99723208,94.79054775119111,1689.2041806607574,133.66837574536663,33.775035209187045
29,0,0,0,4735,13462.8855334,130.92546829157354,738.789210813094,204.55902935586062,1421.876137906734
30,0,0,0,6829,19416.69383476,157.2326378918571,624.3085745790013,252.31369377654121,1207.9320219230774
31,0,0,0,2330,6624.8201252,91.84216330292962,2230.692795965665,227.4075899570815,22.758652581554276
32,0,0,0,24549,69799.44603156,298.11309076924147,405.09874895107737,396.77661802924763,2862.8250947678634
33,0,0,0,2283,6491.18641452,90.91113922514951,750.2216223390276,139.41542961016205,25.122806229901297
34,0,0,0,8731,24824.59421164,177.7854185029348,2476.0658297560412,279.44434106058867,2389.720934313823
35,0,0,0,1641,4665.80679204,77.07586986676985,1773.4241152955515,194.02191968312005,35.60375077844138
36,0,0,0,4695,13349.1547158,130.37128392765194,1998.7460589137381,192.9526381682641,237.13600678672734
37,0,0,0,3442,9786.53685448,111.62708331373712,1573.4156569436375,249.99066240557812,135.06179231093094
38,0,0,0,2917,8293.81987348,102.76195521604832,2047.004601645526,162.47811621528967,19.579245892148787
39,0,0,0,18091,51437.60553004,255.9148167795976,1162.369773920734,354.7639530374219,2080.215105882216
40,0,0,0,3155,8970.5182382,106.87197274142666,608.0501334389858,180.8322567353407,26.478486240490657
42,0,0,0,1938,5510.25811272,83.7608412733113,2440.167189576883,176.03562569659442,180.57252857147424
43,0,0,0,7864,22359.47874016,168.72750970614385,132.18487171922686,232.39948578331638,30.231933572021415
44,0,0,0,3184,9052.97308096,107.36201993303402,1339.1102406407035,199.7898094849246,733.7186457373236
45,0,0,0,3792,10781.68150848,117.16511108404497,1899.7168536919833,207.03441075949365,70.83726566255407
46,0,0,0,3799,10801.58440156,117.27320412549787,1643.5762905501447,244.41378010002632,1214.041612618718
47,0,0,0,1875,5331.1320749999995,82.38815555707036,2549.96336928,220.62330730666665,17.35248952888889
48,0,0,0,14810,42108.8352164,231.54834091449916,1378.5757518838623,398.09952360567183,1128.724610239719
49,0,0,0,2536,7210.5338358399995,95.81616157226507,1452.562894006309,258.63023367507884,97.98688522499977
50,0,0,0,4095,11643.1924518,121.75620335980305,241.1266,279.13918925518925,30.868689503414778
51,0,0,0,2748,7813.30716912,99.74072218951662,900.3982786754002,248.98264752547306,466.8285738840899
52,0,0,0,4255,12098.1157222,124.1120435505243,1456.2074717273795,269.92554862514686,124.2749183721094
53,0,0,0,1792,5095.14062848,80.54399129772193,1340.4518412946427,300.9123641741071,111.9402851961097
54,0,0,0,3160,8984.7345904,106.95662382221666,702.158759556962,315.10382253164556,1042.2320612682263
55,0,0,0,5175,14713.924527,136.8734837944334,988.2419051207729,321.7657344541063,473.7802162570888
56,0,0,0,2720,7733.6955968,99.23128065680683,2171.9210686764704,367.546345367647,149.36980752595156
57,0,0,0,2004,5697.91396176,85.17516879121186,679.8129019960079,262.2798275449102,98.75786351448798
58,0,0,0,3356,9542.01559664,110.22373425955834,68.95332038140643,376.29291454112035,561.820995893005
59,0,0,0,2327,6616.29031388,91.78301840253587,332.30603532445207,281.2113492909325,475.5714337159361
60,0,0,0,2437,6929.05006228,93.92731523228234,471.464149281904,356.29745038982355,693.6350814425871
61,0,0,0,2958,8410.39396152,103.48162241967937,530.0043546315077,392.12586700473287,394.9682610868133
62,0,0,0,9757,27741.78968308,187.9413303832433,1768.4361658296605,364.99723345290556,1442.4868166487672
63,0,0,0,4858,13812.60779752,132.6150763062772,1984.2256106216548,350.6292888019761,714.0832560316106
64,0,0,0,5680,16149.7760992,143.39642104362375,1593.8636286267606,346.64590859154924,137.14250632315017
65,0,0,0,8787,24983.81735628,178.35465857794802,636.2454581768521,438.3008915670877,892.3028353246787
66,0,0,0,3079,8754.42968476,105.57692013996154,830.7620981487496,398.7893120493667,326.71359789271185
67,0,0,0,4888,13897.90591072,133.02392038478365,2418.6869358428803,425.9648910801964,982.1611498130965
68,0,0,0,5364,15251.30264016,139.35049921035628,857.7030452647278,410.5928435495898,94.70993924197607
69,0,0,0,3665,10420.5861626,115.18638105931778,987.322779372442,377.68533582537515,42.27665602683099
70,0,0,0,13449,38239.14414756,220.65264667685622,1833.4493050635735,534.7918268718863,2439.5267875958575
71,0,0,0,2275,6468.440251,90.7517157982693,1259.9190045714286,364.846244043956,52.97194174616592
72,0,0,0,1986,5646.7350938399995,84.79178273937227,1926.2270889224571,373.60961893252767,165.92080718098185
73,0,0,0,5514,15677.79320616,141.2854779666445,1895.536194958288,421.6108548784911,539.3450904276501
74,0,0,0,8004,22757.53660176,170.2227820889986,80.79645132433784,492.531562293853,427.4336319315355
75,0,0,0,7922,22524.38842568,169.3485815250626,868.2152700075738,525.9190113607674,962.8758602158728
76,0,0,0,10396,29558.63949424,193.99801208424003,1562.9249283762986,615.286367468257,1256.6869549802427
78,0,0,0,4054,11526.61836376,121.14514566341381,2050.6804071040947,399.5927977306364,205.54008064294334
79,0,0,0,4314,12265.868678159999,124.96955249804542,262.7923547519703,442.87960917941587,100.15234831813017
80,0,0,0,1669,4745.41836436,77.73065236967722,725.8883887357699,399.33944230077884,1289.3369723369908
81,0,0,0,3009,8555.40075396,104.36989298163958,2544.7358188767034,414.0498003323363,489.27466741240767
82,0,0,0,6978,19840.34113032,158.938689148234,164.29068512467757,563.1009079965605,449.6400725007169
83,0,0,0,1332,3787.23622608,69.44104642283708,1448.823042942943,431.94316966966966,92.07766493971448
84,0,0,0,2046,5817.3313202399995,86.06309477212622,2446.0803434017594,425.06085630498535,32.21104551331115
85,0,0,0,2356,6698.74515664,92.35316580138003,132.2736584040747,448.42542283531407,50.61555872950902
86,0,0,0,5333,15163.16125652,138.9472437114079,529.8908004125257,492.77890748171757,1438.6994096422234
87,0,0,0,4641,13195.61811204,129.61937662816032,431.10985658263303,478.83102421891834,468.7021445543063
88,0,0,0,1755,4989.9396222,79.708145460962,925.1261838176639,509.23912558404555,45.13361092848272
89,0,0,0,5882,16724.11672808,145.92397599078194,1618.227105032302,538.6961792927575,57.63502457546298
90,0,0,0,1555,4421.2855342,75.02903158583995,247.2131855948553,446.0329733762058,3.874895420849661
91,0,0,0,9882,28097.19848808,189.1413868282045,2129.136858490184,586.12530410848,603.3446144468297
92,0,0,0,2884,8199.99194896,102.1790292375389,612.8319667128987,552.9011211511788,45.11399579390621
93,0,0,0,1440,4094.3094336,72.20136203176327,2278.911009722222,480.1747243055555,9.913611111111111
94,0,0,0,6685,19007.262891399998,155.56605912122248,2301.8973275691847,536.582639670905,436.93672767876376
95,0,0,0,1664,4731.20201216,77.61413206377227,723.7790564903846,488.71527776442304,38.195630316198226
96,0,0,0,6412,18231.05006128,152.35646976767381,1280.22184135995,521.1015439176543,56.52475298771136
97,0,0,0,13745,39080.7521978,223.06761113221836,2451.6907588359404,625.0427505856675,1146.8715165500175
98,0,0,0,3282,9331.61358408,109.00174049728967,621.5378411943936,573.4857651432053,72.7356345304527
99,0,0,0,3077,8748.74314388,105.54262521615922,2167.1434768930776,566.4070196295093,101.1231759342513
100,0,0,0,2236,6357.55270384,89.97048132730559,1776.7156081395349,555.2492203041145,274.47985477517034
101,0,0,0,2765,7861.6427666,100.04876039719967,1351.6902413743219,572.7018217721519,38.4074524948579
102,0,0,0,4785,13605.049055399999,131.61491733613272,814.3613022779518,657.803358662487,332.1074056531153
103,0,0,0,4292,12203.31672848,124.6504931222852,2020.1752465051259,580.0205846225535,1283.126846235959
104,0,0,0,1815,5160.5358486,81.059227201232,2561.331296749311,557.0823895316804,775.35966001108
105,0,0,0,2319,6593.54415036,91.62511201736979,1032.37613178094,598.7282466580422,140.6456382126316
106,0,0,0,3728,10599.71220032,116.17216850975619,1862.7738162553649,596.6682927575107,436.2821559587348
107,0,0,0,4546,12925.50742024,128.2858806853558,1286.637365508139,604.7193169819622,206.2334070417489
108,0,0,0,2268,6448.5373579199995,90.61199020993718,1872.551865079365,573.5704464726631,63.199145810587616
109,0,0,0,4153,11808.10213732,122.6154255773213,313.48946901035396,649.1874060197447,130.59033574260346
110,0,0,0,1346,3827.04201224,69.80502295212573,2458.137599554235,613.1679640416047,26.835950005409234
111,0,0,0,3553,10102.13987332,113.4127152181663,1142.9066447509147,645.6964283703911,198.94747552026493
112,0,0,0,3718,10571.27949592,116.01625357101194,2456.1108472834853,599.7579381925766,27.24458944043501
113,0,0,0,2243,6377.45559692,90.11120163881479,1754.623785822559,656.7076173874276,11.364694718735596
114,0,0,0,2980,8472.9459112,103.8657296442958,153.56528953020134,606.7513438926175,25.27647358227107
115,0,0,0,2349,6678.84226356,92.21586676387692,1167.0356020434226,650.3786100468284,29.0894354472008
116,0,0,0,3098,8808.45182312,105.90216800939876,1694.9211047772756,629.8501286636539,377.5158695857841
117,0,0,0,2046,5817.3313202399995,86.06309477212622,162.34908318670577,647.5403589442815,22.146494029310222
118,0,0,0,2670,7591.5320747999995,98.31499805604808,1861.785205917603,709.3098188014981,38.74421523657226
119,0,0,0,5332,15160.31798608,138.93421598237347,2113.4771346586645,723.2434998874718,581.0581095316027
120,0,0,0,10915,31034.2968526,198.78152327563123,565.0314846541456,732.1481944846541,769.3860346839537
121,0,0,0,3692,10497.35446448,115.60989066372368,712.5030792524376,647.2445816359697,38.52916205458436
122,0,0,0,3394,9650.05987336,110.8460095800654,1191.2034205067766,657.124162993518,226.68506765552854
123,0,0,0,4361,12399.50238884,125.6484650782062,733.9010538867232,680.6274188947489,1190.1330176307363
124,0,0,0,2967,8435.98339548,103.63892925852885,79.40029935962251,673.5041977081227,19.153346967183907
125,0,0,0,1414,4020.38440216,71.54657508131712,886.9328524752476,656.1178305516265,22.034826517608316
126,0,0,0,2533,7202.00402452,95.75947120447488,2299.96148906435,634.9817801816027,2316.8516019649983
127,0,0,0,3346,9513.58289224,110.05939283185188,1371.013137537358,698.2284085475194,62.01809486771548
128,0,0,0,1425,4051.660377,71.82432884359574,1060.199729122807,643.8692576842105,17.51370440135426
129,0,0,0,4466,12698.04578504,127.1520901690986,1605.4742133004925,685.9824816390505,81.97555782466681
131,0,0,0,3460,9837.7157224,111.918580618334,1871.8671895953755,667.0241694219653,187.83729451368237
132,0,0,0,4218,11992.91471592,123.57124775992843,230.31940919867233,758.0868170222853,103.17546827354418
133,0,0,0,6896,19607.19295424,158.00206780479496,1463.4276967807423,734.3748216357309,598.8862138169139
134,0,0,0,1903,5410.74364732,83.00104082595826,89.25606852338413,711.4107040462427,13.776388140638076
135,0,0,0,3618,10286.95245192,114.4454221740428,2504.037293808734,737.7348708126036,94.31737609782914
136,0,0,0,1494,4247.84603736,73.54267845756851,677.9268907630523,673.1222365461847,181.5358179706779
137,0,0,0,6795,19320.0226398,156.84073715132809,128.16584103016925,779.8013672111847,1656.3015259564638
138,0,0,0,1849,5257.20704356,81.8149369169275,1212.1981453758788,690.9872505137913,104.13116703780068
139,0,0,0,3733,10613.92855252,116.25004756154773,1663.8538976158586,726.6505672649344,32.96237688360823
140,0,0,0,3472,9871.834967679999,112.11249109688688,1559.0764495391704,791.1954421082949,1177.6047454686868
141,0,0,0,2914,8285.29006216,102.70909865607508,2303.507172752231,779.2425528483184,379.46747613702144
142,0,0,0,4221,12001.444527239999,123.61518420496475,1880.385844018005,752.0284218905472,520.8149970019938
143,0,0,0,2101,5973.71119444,87.21218562556571,1723.7273801999047,792.6608703474536,58.78025853376409
144,0,0,0,4037,11478.28276628,120.89087444335826,2288.5472293287094,754.4251771117166,37.29052081964886
145,0,0,0,2138,6078.91220072,87.97676626774685,2109.8447367633303,759.8665495790458,138.62318389409506
146,0,0,0,5311,15100.60930684,138.66035092651586,470.69903121822637,808.2406486160799,383.2532327313054
147,0,0,0,1645,4677.1798738,77.16975037643687,504.13997349544076,743.9309390881459,103.85107085115622
148,0,0,0,5613,15959.27697972,142.54817626318848,2514.890845715304,829.8924847675039,243.0181857805153
149,0,0,0,6532,18572.24251408,153.77552992377642,283.49018077158604,817.9587889773424,1482.016784578179
150,0,0,0,34551,98237.83697244,353.6669320456136,520.7579632774739,1174.4041133454891,1548.0880228495232
151,0,0,0,13177,37465.77458788,218.40994890211059,1310.7400638385063,921.9598258936024,2146.620166915074
152,0,0,0,3367,9573.29157148,110.40422728359711,2138.9294255420255,792.8835918027918,76.07959043420878
153,0,0,0,10148,28853.50842512,191.67010181875514,1188.579915057154,859.0516048679542,3333.751383388677
154,0,0,0,6695,19035.6955958,155.68237020971108,708.1558948170276,827.033120746826,283.1928597857909
155,0,0,0,4361,12399.50238884,125.6484650782062,2321.3123918367346,876.1272487044256,592.1206563923282
156,0,0,0,1938,5510.25811272,83.7608412733113,392.89591093911247,771.7210136222909,47.69576052679504
157,0,0,0,7975,22675.081759,169.9141276517693,940.5209185956112,832.64619430721,650.1600231758728
159,0,0,0,3115,8856.7874206,106.19233486095341,33.23952199036918,847.847884494382,574.4735646138269
160,0,0,0,4122,11719.96075368,122.15693797050373,1800.8260106259097,836.5630092188258,325.93555838530835
161,0,0,0,3761,10693.54012484,116.68520968896819,2017.9653421430469,874.0214378622708,26.984308582443376
162,0,0,0,3624,10304.01207456,114.5402795646946,1944.6622621412805,835.661922406181,36.49713066922016
163,0,0,0,3467,9857.61861548,112.03173585259947,2078.8171036054223,905.938307585809,47.618615136709884
164,0,0,0,5499,15635.14414956,141.09317424614989,1991.757286306601,936.5088566284779,745.259678386862
165,0,0,0,2637,7497.70415028,97.70554446325677,2202.3357808115284,866.7611522942739,206.35094953542458
166,0,0,0,2692,7654.08402448,98.71921018066138,1158.7883345468053,832.3357552005943,238.25356443835568
167,0,0,0,7261,20644.98666484,162.12961920082458,2494.6315329293484,906.4046064729376,2441.000124369048
168,0,0,0,1692,4810.81358448,78.26441144037979,2479.3727341607564,861.966106501182,56.39426951472372
170,0,0,0,13949,39660.77936756,224.7168722321353,1939.0163697756109,1053.9076384687073,1606.4894433883487
171,0,0,0,7694,21876.12276536,166.89381231890383,1609.1837902521443,969.5720130491292,1265.6181867296186
172,0,0,0,3564,10133.41584816,113.58814102327462,1509.3179038720539,906.5577051627384,48.49362876803954
173,0,0,0,7675,21822.100627,166.68761641911613,2351.697771882736,971.734760416938,639.00741998748
174,0,0,0,16690,47454.1836436,245.80590549894458,112.97267217495506,1071.1962849131216,889.3926437977844
175,0,0,0,8543,24290.05936892,175.86092269880132,637.7126290764368,941.9824155448905,538.1020444132018
176,0,0,0,1960,5572.8100624,84.23492237039048,1436.1632094897957,951.7618251020408,405.315795241566
177,0,0,0,2162,6147.15069128,88.46917738729002,108.47912664199814,906.6179529139686,42.884292090870744
178,0,0,0,1751,4978.56654044,79.61725815037553,2450.2431245002854,937.7043906339235,56.77228024387468
179,0,0,0,7638,21716.89962072,166.28534326916719,782.7292714846818,1055.5475125949201,404.3489499759373
180,0,0,0,8198,23309.13106712,172.27335089349168,950.8826938277629,951.3767475481824,798.892165741637
181,0,0,0,3635,10335.2880494,114.7139810603957,1113.739506850069,1030.0571350756532,580.0701506256042
182,0,0,0,2025,5757.622641,85.6202828200404,1195.1685677037035,941.3442571851853,35.12109739368999
183,0,0,0,3722,10582.652577679999,116.07864467720012,1549.9448919935517,958.9612393336914,689.297632893399
184,0,0,0,2617,7440.83874148,97.33432144752311,1148.5689507833397,950.7661573557508,41.13550870830898
185,0,0,0,1454,4134.1152197599995,72.55149192325358,863.9594768913341,993.7006220082532,61.52932052924247
186,0,0,0,1805,5132.1031442,80.83561511397748,1816.0056377839335,961.0910275900276,127.45551246537397
187,0,0,0,1537,4370.10666628,74.59351595291945,876.6287211450878,983.6481160702667,58.14720900926147
188,0,0,0,2116,6016.36025104,87.52295577159686,1795.8898600189036,966.6388533081285,32.26844440235705
189,0,0,0,1935,5501.7283013999995,83.69598579221763,894.2044956072352,1000.7313788113695,499.364182440959
190,0,0,0,4895,13917.8088038,133.11913665984073,2094.8012241062306,1028.79350700715,828.2950839540463
191,0,0,0,4066,11560.73760904,121.32431038393239,995.0064652238071,1013.3506292179045,1675.1932777760169
192,0,0,0,1378,3918.02666632,70.62992629817408,637.7886306240929,1043.7675892597968,16.415136996256752
193,0,0,0,2961,8418.92377284,103.53408458904168,678.9372399189463,1053.1449397500844,274.12983578824617
194,0,0,0,7247,20605.18087868,161.97324199125052,234.84412639712986,1056.1117104457016,1208.3175906841655
195,0,0,0,2157,6132.9343390799995,88.36681801321616,125.64965155308299,1033.1418537783957,69.14182737618935
197,0,0,0,1929,5484.66867876,83.5661238275869,376.1554680145153,1009.392187350959,38.27035176446591
198,0,0,0,2218,6306.37383592,89.60761436271207,161.7672467087466,1031.1006567177637,93.59260286157767
199,0,0,0,2467,7014.34817548,94.50367970381933,2363.1727326307255,1103.8923261451155,18.084849235691426
200,0,0,0,2826,8035.08226344,101.14635180278093,2259.9656487615002,1025.7364629157819,26.88424955511179
201,0,0,0,9056,25748.65710464,181.0641003883808,1808.7010521422262,1078.560811594523,360.487579003905
202,0,0,0,2182,6204.01610008,88.8774360273488,1613.1524559120073,1046.4710209899174,54.81687013402718
203,0,0,0,4295,12211.846539799999,124.69404929149836,1385.9472583003492,1111.0837026309662,259.4350322612996
204,0,0,0,8932,25396.09157008,179.82021040122592,2382.010845320197,1147.453814106583,729.5974961038158
205,0,0,0,2697,7668.30037668,98.81084596589851,482.1287825732295,1054.967247460141,23.93488501004082
206,0,0,0,1915,5444.8628926,83.26232491661163,1076.1909544647517,1047.725433002611,61.97719092774509
207,0,0,0,7855,22333.8893062,168.63093148171723,1557.5913471419476,1114.059567383832,2852.8683286217693
208,0,0,0,1513,4301.86817572,74.00884188773945,2489.3628043621943,1093.6572836748182,64.55323482014653
209,0,0,0,2346,6670.31245224,92.15696170084681,2379.1944184995737,1092.6863502131287,11.540105630450407
210,0,0,0,5419,15407.68251436,140.06309531781616,922.103090791659,1134.4672074921573,707.2607821795062
211,0,0,0,1876,5333.97534544,82.41012280330983,1820.4470466950959,1134.3568945628997,14.719862555180235
212,0,0,0,3116,8859.63069104,106.20937881176711,2487.723481322208,1089.3106336970475,40.59492437063415
213,0,0,0,2858,8126.06691752,101.71740137533318,1729.1668303708889,1119.78016829951,23.268840341599415
214,0,0,0,11301,32131.79924244,202.265858312682,85.4253300592868,1361.1388074152728,4218.188154683343
215,0,0,0,4095,11643.1924518,121.75620335980305,1103.203453040293,1130.6265415873015,168.2798459659998
216,0,0,0,1829,5200.34163476,81.37125177548354,1833.138178458174,1149.7735915800984,15.464146230421065
217,0,0,0,2625,7463.584905,97.48298029161005,628.7361240380952,1160.9824239999998,69.7288126984127
218,0,0,0,1831,5206.02817564,81.41572909598183,1892.8824424904421,1124.1216683779355,114.37630217615727
219,0,0,0,4103,11665.93861532,121.87507690860502,287.8729298562028,1183.2845827443334,1077.4808850030315
220,0,0,0,4971,14133.89735724,134.1485633037707,2122.247724401529,1245.0251557030779,1480.27808369614
221,0,0,0,3105,8828.3547162,106.02174465464627,46.97899826086957,1129.9190901127213,49.9261246599817
222,0,0,0,4011,11404.35773484,120.50095124232261,587.2688615806532,1163.4107369733233,52.53122213588523
223,0,0,0,3352,9530.642514879999,110.15802710960013,809.8413147374702,1117.9928556085918,512.5124136874077
224,0,0,0,2390,6795.4163516,93.01716412467681,1167.0669955648534,1146.5729630962342,128.8875187759318
225,0,0,0,3634,10332.44477896,114.69820088547266,1239.9500004402862,1149.712316070446,36.18052187967308
226,0,0,0,4821,13707.40679124,132.10909273164393,491.79224430616057,1267.8128928852934,395.95211917920636
227,0,0,0,3599,10232.93031356,114.14452038422073,2238.479928757988,1152.515123145318,179.4668053651098
228,0,0,0,5577,15856.91924388,142.090311559163,366.4732112963959,1202.4335435897435,31.91396199374021
229,0,0,0,2445,6951.7962258,94.08135767318207,1971.5802121063396,1138.5925845398772,155.09419682922032
230,0,0,0,4637,13184.245030279999,129.5635062046043,1536.0936541729566,1187.5128046150528,112.29696830990977
231,0,0,0,4497,12786.18716868,127.59262960511748,1433.1575116744496,1204.4601217255947,377.7727839610812
232,0,0,0,5032,14307.33685408,134.9691337397608,267.7599815580286,1192.412481597774,17.238454139927356
233,0,0,0,8986,25549.62817384,180.3629589029098,1062.9194195192522,1263.9466973514354,1853.868209972146
235,0,0,0,3131,8902.27974764,106.46471064625223,437.70919227084,1199.0556890450334,17.722132075562158
236,0,0,0,2105,5985.0842762,87.29516583998492,1869.8043502137766,1248.6306994774347,56.200905208162894
237,0,0,0,14636,41614.10615984,230.1841123568597,733.0416937414593,1407.4923154277126,1655.7848385231455
238,0,0,0,4012,11407.20100528,120.51597161648408,890.1896147058823,1235.516397906281,814.0266955862223
239,0,0,0,5562,15814.270187279999,141.89909856504107,2544.500659475009,1283.9694500539374,1429.2356911290346
240,0,0,0,7132,20278.20477808,160.6829555979382,2199.421639007291,1427.1569339315758,1163.0764654591298
241,0,0,0,7857,22339.57584708,168.6523980888288,2021.6447775232275,1298.4190683466973,958.9304394517055
242,0,0,0,4013,11410.04427572,120.5309901188312,490.9333693496137,1324.8145235983054,257.20490948648137
243,0,0,0,2664,7574.47245216,98.2044696365559,1319.2609796546546,1265.1069956456456,145.60857352284717
244,0,0,0,4982,14165.17333208,134.29690556536366,1782.355368847852,1301.8394760738659,595.0235146003735
245,0,0,0,2736,7779.18792384,99.52270942131408,1551.6719317982456,1270.2484798245614,531.0815972222222
247,0,0,0,4413,12547.35245172,126.39535325026628,1379.1790118740084,1296.1742598232493,126.8600540530576
248,0,0,0,3184,9052.97308096,107.36201993303402,2257.6253238065324,1331.028767022613,1707.609330809197
249,0,0,0,3273,9306.02415012,108.8521839569295,1071.456713229453,1237.0226974641,173.19025115357914
250,0,0,0,5120,14557.5446528,136.1441938761726,2345.1956122265624,1291.8673098828124,341.65565048217775
251,0,0,0,9546,27141.85962024,185.8980607379756,170.80079040435785,1415.8556485019903,1740.682719891189
252,0,0,0,2422,6886.40100568,93.63780262979141,1308.5037316267546,1254.9031791907514,78.62469954402289
253,0,0,0,6121,17403.65836324,148.85908118464928,2407.470190524424,1300.2406380003267,1309.7688259804238
254,0,0,0,2200,6255.194968,89.2432719777015,1822.069397272727,1327.4463873636364,848.5629171487604
255,0,0,0,2079,5911.15924476,86.75437571474576,163.3375466089466,1271.73058008658,14.88599918421948
256,0,0,0,1765,5018.3723266,79.93491162459443,1614.3764781869686,1270.6859272521244,206.19453169514242
257,0,0,0,6058,17224.53232552,148.091038541909,1894.9439334103663,1359.74661416309,3898.23544694126
258,0,0,0,1416,4026.0709430399997,71.597155911305,1123.9868625706215,1268.4761021186441,14.954797771234322
259,0,0,0,4528,12874.32855232,128.03165321406587,907.3312606890458,1387.7854253091873,1567.2654581446109
260,0,0,0,3107,8834.04125708,106.05588464736968,780.6856353395558,1314.0691734792404,309.49983223612617
261,0,0,0,2184,6209.70264096,88.9181587951339,1003.9800022893771,1309.1713933150183,55.38447449985911
262,0,0,0,2042,5805.95823848,85.97892546614922,2138.1973880509304,1312.3408887365326,53.11084488234826
263,0,0,0,3336,9485.15018784,109.89480564116779,477.39627679856113,1384.1397122302158,393.1802183253397
264,0,0,0,3481,9897.42440164,112.25770414183076,345.87347963228956,1355.6500626831369,405.90844211045624
265,0,0,0,7964,22643.80578416,169.79690505923634,1121.051141536916,1380.154911727775,1555.776816492902
266,0,0,0,5695,16192.4251558,143.5856400672748,1588.832386971027,1411.200765689201,150.9900465343581
267,0,0,0,1961,5575.65333284,84.25640813081397,1583.7287403365629,1336.2485800101988,148.227334605636
268,0,0,0,1681,4779.53760964,78.00959101381459,1470.096567876264,1367.6516423557405,48.91136228435455
269,0,0,0,2065,5871.3534586,86.46178002219875,1727.8315839225181,1337.089641937046,53.0294569353165
270,0,0,0,3106,8831.19798664,106.03881602496135,1256.2705740502254,1355.5310768834513,30.89488885728513
271,0,0,0,2611,7423.77911884,97.22267814397136,1927.059236231329,1357.6163863653771,74.34324949639308
272,0,0,0,2389,6792.57308116,92.99770243095514,1480.8647419003767,1369.608715362076,175.86228705201617
273,0,0,0,2455,6980.2289302,94.27355676559074,1429.0074512423625,1432.4629592668023,229.36652262102777
274,0,0,0,11772,33470.97961968,206.437823212708,440.53507648657825,1501.3405131838258,561.3717997254207
275,0,0,0,5308,15092.07949552,138.62118317913308,268.7830755086661,1406.3797480030144,3643.8927402808404
276,0,0,0,1559,4432.65861596,75.12546996958693,2552.1583391917893,1364.6430660679923,77.3230804931205
277,0,0,0,1341,3812.82566004,69.67524960517814,679.9522911260253,1381.8465583892619,40.192293640426605
278,0,0,0,1492,4242.15949648,73.4934366184637,1164.1504457104556,1419.2040179624664,25.397502946905394
279,0,0,0,8229,23397.27245076,172.59876165039606,2527.967063920282,1532.8445257990033,839.474052630734
280,0,0,0,2180,6198.3295591999995,88.83669459223654,1028.4698444954126,1414.0952761467888,49.3764876693881
281,0,0,0,7274,20681.94918056,162.27469167708188,2451.2825349188893,1495.3133047841627,1975.115073996983
282,0,0,0,5408,15376.40653952,139.92086642828232,1999.6826018860947,1439.5146770710057,495.3494269939778
283,0,0,0,2605,7406.7194962,97.11090649006806,1048.4888694049903,1447.5344105182342,39.35966431010791
284,0,0,0,6677,18984.51672788,155.4729476006132,1284.7467664819528,1539.636970825221,1032.8842621927624
285,0,0,0,7345,20883.8213818,163.06473324570672,2281.504358475153,1459.2193438801905,214.50333873503737
286,0,0,0,4811,13678.97408684,131.9720074060111,876.3252549158178,1542.2582432342547,475.2635486274116
287,0,0,0,2629,7474.95798676,97.55722476565624,2393.075051198174,1443.028024648155,23.16294900154681
288,0,0,0,5443,15475.92100492,140.37291268140618,1032.8444335476759,1497.2312866066507,268.3524239602523
289,0,0,0,8470,24082.5006268,175.1079442348379,1247.8071115938606,1497.609977048406,1111.6274838481256
290,0,0,0,3358,9547.70213752,110.25657315027937,1723.1075938058368,1487.2841379988088,352.73704923057164
291,0,0,0,3801,10807.27094244,117.30406955677991,2209.9614018942384,1529.1908688766114,114.71524331271331
292,0,0,0,5270,14984.0352188,138.1240970297383,1463.1954105502846,1563.3320133586337,925.6702059921722
293,0,0,0,2445,6951.7962258,94.08135767318207,2178.8924676482616,1536.5640602862986,18.787569473195582
294,0,0,0,4000,11373.08176,120.33560338627211,1911.24067355,1572.111708,1686.7539859375001
295,0,0,0,2210,6283.6276724,89.44586763451873,1604.1148684162895,1462.198630316742,56.78296185581786
296,0,0,0,5200,14785.006288,137.20369774550406,1854.2379367307692,1506.6044593461538,21.63801889792899
297,0,0,0,1471,4182.45081724,72.97439122335908,424.42032277362335,1471.278850849762,39.89043926979847
298,0,0,0,1498,4259.21911912,73.64106335568253,1725.981037516689,1462.8111433911881,134.29098566669222
299,0,0,0,5054,14369.888803759999,135.26385577231744,1668.9683305104866,1579.7959089038386,1135.8983690429081
300,0,0,0,2123,6036.26314412,87.66760483508712,257.31666161092795,1502.0205756005653,21.25467808886766
301,0,0,0,4399,12507.54666556,126.19470282944295,303.85599986360535,1529.9008744260059,243.94723665988485
302,0,0,0,7872,22382.22490368,168.81331063195682,2028.7528580538617,1555.3627039634146,3977.0423795301813
303,0,0,0,2310,6567.9547164,91.4471414148649,957.8229163636363,1495.3082908225108,28.34668859279249
304,0,0,0,1622,4611.78465368,76.62836676367397,743.5476668310727,1525.9163981504316,46.30243864799817
305,0,0,0,3284,9337.30012496,109.03494742585814,1384.662358282582,1545.2097528014615,1211.6150950016395
306,0,0,0,1552,4412.75572288,74.95662137281279,1432.4692722938144,1534.9993586340206,717.6429681687746
307,0,0,0,12619,35879.22968236,213.73547685449034,867.6445725334813,1620.0474837150327,1631.0408137355105
308,0,0,0,7914,22501.64226216,169.26305193297824,78.49352618145059,1603.018820773313,1651.6008274987196
309,0,0,0,2101,5973.71119444,87.21218562556571,238.1442491194669,1575.0295803902902,4518.476612188706
310,0,0,0,2933,8339.31220052,103.04339896176985,1822.7821999999999,1645.9209190589838,112.34837847511345
311,0,0,0,3951,11233.76150844,119.59627665052763,636.2500775499874,1632.7550139711464,1323.9926226110401
312,0,0,0,4331,12314.20427564,125.21554155012734,476.52494772569844,1609.6369424151467,700.558446697841
313,0,0,0,3576,10167.53509344,113.77920615582768,1567.159278243848,1576.5201402125278,432.5103811640117
314,0,0,0,1540,4378.6364776,74.66627830085145,1737.0838223376622,1583.9396345454545,83.95219261258221
315,0,0,0,5475,15566.905659,140.7849419298825,2264.8299243835613,1617.7947927671232,907.5001757594712
316,0,0,0,1842,5237.30415048,81.65992133352036,605.0135032573289,1592.6781484256242,169.26068092676488
317,0,0,0,5745,16334.5886778,144.21457711187944,2388.8578842123584,1642.3059686684073,570.3349385131506
318,0,0,0,2174,6181.26993656,88.71435802569279,1371.6546697332108,1600.184409475621,119.87997590491965
319,0,0,0,5116,14546.17157104,136.09100215940265,1256.3742385066457,1681.8312390539484,723.8767126511684
320,0,0,0,2227,6331.96326988,89.78923115286032,1850.8388416704086,1664.5822648405926,76.101499154456
321,0,0,0,3308,9405.53861552,109.43264460303277,2165.2072140266023,1655.7260638452237,415.51690636016315
322,0,0,0,1557,4426.97207508,75.07726626236558,1152.4597605651895,1628.2389055876686,126.6956166631398
323,0,0,0,3682,10468.92176008,115.45321639379432,1857.3653285171101,1666.9973785442694,612.3034393577872
324,0,0,0,4569,12990.90264036,128.60999558164517,1045.1362103742613,1660.9051547384547,143.7828264081008
325,0,0,0,2241,6371.76905604,90.07101826930773,2524.540115484159,1663.3704622043729,152.39771759953695
327,0,0,0,4481,12740.69484164,127.36544468488833,230.46527029680874,1672.318671769694,2069.540502010995
328,0,0,0,3723,10585.49584812,116.09423721467084,1550.9326102605426,1664.0402612409346,456.5611155084267
329,0,0,0,1584,4503.74037696,75.72542734884973,696.9637311868687,1648.7597599747476,769.8909450406846
330,0,0,0,1594,4532.17308136,75.96408355776937,2311.2904191969883,1646.8355869510663,504.04578689848546
331,0,0,0,4165,11842.2213826,122.79244505194379,443.9301046818727,1683.6773800240096,17.41032954838598
332,0,0,0,3330,9468.0905652,109.79593490082652,2131.944691351351,1685.6095768168168,154.27141916691465
333,0,0,0,2766,7864.48603704,100.06685076176252,2018.684989154013,1684.9850337671728,51.047549287939646
334,0,0,0,1998,5680.85433912,85.04756547043498,869.0090790790791,1677.2921716716717,18.654997339682026
335,0,0,0,3802,10810.11421288,117.31949922729147,1669.5180623882165,1690.7379269857968,51.420524885017194
336,0,0,0,2239,6366.08251516,90.03081696479711,2450.595353550692,1695.1785066547563,118.4174628938739
337,0,0,0,3606,10252.83320664,114.25547113494335,90.90937343316693,1695.6826538546866,498.54294461778585
339,0,0,0,2055,5842.9207541999995,86.25217539866019,344.5837907542579,1695.561487007299,6.9795348121311145
